Date,process-name,Name,time,ip,city,loc
2021-02-14 00:00:06.352946,● app.py - team-eureka - Visual Studio Code,"code, Code",1257322,219.90.100.25,Mumbai,"19.0728,72.8826"
2021-02-14 00:01:06.798137,Document - Brave,"brave-browser, Brave-browser",1314657,219.90.100.25,Mumbai,"19.0728,72.8826"
2021-02-14 00:02:06.172737,track-activity.py - team-eureka - Visual Studio Code,"code, Code",1369362,219.90.100.25,Mumbai,"19.0728,72.8826"
2021-02-14 00:03:06.560769,● script.py - team-eureka - Visual Studio Code,"code, Code",1435697,219.90.100.25,Mumbai,"19.0728,72.8826"
2021-02-14 00:04:06.944834,GET and POST requests using Python - GeeksforGeeks - Brave,"brave-browser, Brave-browser",1497933,219.90.100.25,Mumbai,"19.0728,72.8826"
2021-02-14 00:05:06.882824,script.py - team-eureka - Visual Studio Code,"code, Code",1557391,219.90.100.25,Mumbai,"19.0728,72.8826"
2021-02-14 00:06:06.361306,demo-02-13-2021.csv - team-eureka - Visual Studio Code,"code, Code",1597381,219.90.100.25,Mumbai,"19.0728,72.8826"
2021-02-14 00:07:06.881275,● script.py - team-eureka - Visual Studio Code,"code, Code",1677107,219.90.100.25,Mumbai,"19.0728,72.8826"
2021-02-14 00:08:06.341153,db,"org.gnome.Nautilus, Org.gnome.Nautilus",not found.,219.90.100.25,Mumbai,"19.0728,72.8826"
2021-02-14 00:09:06.875972,DB Browser for SQLite - /home/nishit/Documents/dev/team-eureka/flask/db/database.db,"sqlitebrowser, DB Browser for SQLite",not found.,219.90.100.25,Mumbai,"19.0728,72.8826"
2021-02-14 00:10:06.390126,● track-activity.py - team-eureka - Visual Studio Code,"code, Code",1856326,219.90.100.25,Mumbai,"19.0728,72.8826"
2021-02-14 00:11:06.852978,● track-activity.py - team-eureka - Visual Studio Code,"code, Code",1917207,219.90.100.25,Mumbai,"19.0728,72.8826"
2021-02-14 00:12:06.365131,405 Method Not Allowed - Brave,"brave-browser, Brave-browser",1975337,219.90.100.25,Mumbai,"19.0728,72.8826"
2021-02-14 00:13:06.852436,● track-activity.py - team-eureka - Visual Studio Code,"code, Code",2037755,219.90.100.25,Mumbai,"19.0728,72.8826"
2021-02-14 00:14:06.398840,● track-activity.py - team-eureka - Visual Studio Code,"code, Code",2094131,219.90.100.25,Mumbai,"19.0728,72.8826"
2021-02-14 00:15:06.881813,track-activity.py - team-eureka - Visual Studio Code,"code, Code",2157090,219.90.100.25,Mumbai,"19.0728,72.8826"
2021-02-14 00:16:06.395213,#general - Discord,"discord, discord",2214705,219.90.100.25,Mumbai,"19.0728,72.8826"
2021-02-14 00:17:06.877143,track-activity.py - team-eureka - Visual Studio Code,"code, Code",2260096,219.90.100.25,Mumbai,"19.0728,72.8826"
2021-02-14 00:18:06.329300,app.py - team-eureka - Visual Studio Code,"code, Code",2319560,219.90.100.25,Mumbai,"19.0728,72.8826"
2021-02-14 00:19:06.585029,script.py - team-eureka - Visual Studio Code,"code, Code",2392518,219.90.100.25,Mumbai,"19.0728,72.8826"
2021-02-14 00:20:07.089689,urllib3.exceptions.LocationParseError: Failed to parse: https://c6d95e6f48e0.ngrok.io/add/data - Google Search - Brave,"brave-browser, Brave-browser",2455781,219.90.100.25,Mumbai,"19.0728,72.8826"
2021-02-14 00:21:06.564035,python - How to send POST request? - Stack Overflow - Brave,"brave-browser, Brave-browser",2494571,219.90.100.25,Mumbai,"19.0728,72.8826"
2021-02-14 00:22:07.020883,nishit@nishit: ~/Documents/dev/team-eureka/linux,"gnome-terminal-server, Gnome-terminal",not found.,219.90.100.25,Mumbai,"19.0728,72.8826"
2021-02-14 00:23:06.496653,urllib3.exceptions.LocationParseError: Failed to parse · Issue #5476 · psf/requests - Brave,"brave-browser, Brave-browser",2630885,219.90.100.25,Mumbai,"19.0728,72.8826"
2021-02-14 00:24:07.033015,nishit@nishit: ~/Documents/dev/team-eureka/linux,"gnome-terminal-server, Gnome-terminal",not found.,219.90.100.25,Mumbai,"19.0728,72.8826"
2021-02-14 00:25:06.541074,JSONPlaceholder - Free Fake REST API - Brave,"brave-browser, Brave-browser",2756891,219.90.100.25,Mumbai,"19.0728,72.8826"
2021-02-14 00:26:07.039697,python - FLASK Restful API not able to add using PUT - Stack Overflow - Brave,"brave-browser, Brave-browser",2812329,219.90.100.25,Mumbai,"19.0728,72.8826"
2021-02-14 00:27:06.479181,Airmeet: S.P.I.T. Hackathon 2021 - Brave,"brave-browser, Brave-browser",2875607,219.90.100.25,Mumbai,"19.0728,72.8826"
2021-02-14 00:28:07.035375,#spit-hack-gitlab - Discord,"discord, discord",2922094,219.90.100.25,Mumbai,"19.0728,72.8826"
2021-02-14 00:29:06.546529,Airmeet: S.P.I.T. Hackathon 2021 - Brave,"brave-browser, Brave-browser",2981450,219.90.100.25,Mumbai,"19.0728,72.8826"
2021-02-14 00:30:06.969997,Airmeet: S.P.I.T. Hackathon 2021 - Brave,"brave-browser, Brave-browser",3016363,219.90.100.25,Mumbai,"19.0728,72.8826"
2021-02-14 00:31:06.516800,Airmeet: S.P.I.T. Hackathon 2021 - Brave,"brave-browser, Brave-browser",3112323,219.90.100.25,Mumbai,"19.0728,72.8826"
2021-02-14 00:33:06.640560,Airmeet - Brave,"brave-browser, Brave-browser",58983,219.90.100.25,Mumbai,"19.0728,72.8826"
2021-02-14 00:34:07.090449,demo-02-14-2021.csv - team-eureka - Visual Studio Code,"code, Code",117064,219.90.100.25,Mumbai,"19.0728,72.8826"
2021-02-14 00:35:06.527739,#spit-hack-gitlab - Discord,"discord, discord",182303,219.90.100.25,Mumbai,"19.0728,72.8826"
2021-02-14 00:36:06.838440,app.py - team-eureka - Visual Studio Code,"code, Code",245581,219.90.100.25,Mumbai,"19.0728,72.8826"
2021-02-14 00:37:06.284150,post data to the flask server - Google Search - Brave,"brave-browser, Brave-browser",307180,219.90.100.25,Mumbai,"19.0728,72.8826"
2021-02-14 00:38:06.719995,Python 3 Flask - how to send data to server? - Stack Overflow - Brave,"brave-browser, Brave-browser",365070,219.90.100.25,Mumbai,"19.0728,72.8826"
2021-02-14 00:39:06.144478,javascript - How to pass data from React Form -> Flask Backend -> React Component (does it have something to do with CORS)? - Stack Overflow - Brave,"brave-browser, Brave-browser",411081,219.90.100.25,Mumbai,"19.0728,72.8826"
2021-02-14 00:40:06.576739,nishit@nishit: ~/Documents/dev,"gnome-terminal-server, Gnome-terminal",not found.,219.90.100.25,Mumbai,"19.0728,72.8826"
2021-02-14 00:41:07.016318,nishit@nishit: ~/Documents/dev/team-eureka/linux,"gnome-terminal-server, Gnome-terminal",not found.,219.90.100.25,Mumbai,"19.0728,72.8826"
2021-02-14 00:42:06.457161,nishit@nishit: ~/Documents/dev/team-eureka/linux,"gnome-terminal-server, Gnome-terminal",not found.,219.90.100.25,Mumbai,"19.0728,72.8826"
2021-02-14 00:43:06.905258,nishit@nishit: ~/Documents/dev/team-eureka/linux,"gnome-terminal-server, Gnome-terminal",not found.,219.90.100.25,Mumbai,"19.0728,72.8826"
2021-02-14 00:44:06.344795,● track-activity.py - team-eureka - Visual Studio Code,"code, Code",727606,219.90.100.25,Mumbai,"19.0728,72.8826"
2021-02-14 00:45:06.768393,● track-activity.py - team-eureka - Visual Studio Code,"code, Code",785727,219.90.100.25,Mumbai,"19.0728,72.8826"
2021-02-14 00:46:06.240037,#general - Discord,"discord, discord",847753,219.90.100.25,Mumbai,"19.0728,72.8826"
2021-02-14 00:47:06.725034,Post Multipart Form Data in Python with Requests: Flask File Upload Example | Techiediaries - Brave,"brave-browser, Brave-browser",907036,219.90.100.25,Mumbai,"19.0728,72.8826"
2021-02-14 00:48:06.973178,How to Handle requests.exceptions.InvalidURL: Failed to parse in python? - Stack Overflow - Brave,"brave-browser, Brave-browser",964235,219.90.100.25,Mumbai,"19.0728,72.8826"
2021-02-14 00:49:06.413004,nishit@nishit: ~/Documents/dev/team-eureka/linux,"gnome-terminal-server, Gnome-terminal",not found.,219.90.100.25,Mumbai,"19.0728,72.8826"
2021-02-14 00:50:06.168047,team-eureka,"org.gnome.Nautilus, Org.gnome.Nautilus",not found.,219.90.100.25,Mumbai,"19.0728,72.8826"
2021-02-14 00:51:06.610936,Downloads,"org.gnome.Nautilus, Org.gnome.Nautilus",not found.,219.90.100.25,Mumbai,"19.0728,72.8826"
2021-02-14 00:52:07.081755,DB Browser for SQLite - /home/nishit/Documents/dev/team-eureka/flask/db/database.db,"sqlitebrowser, DB Browser for SQLite",not found.,219.90.100.25,Mumbai,"19.0728,72.8826"
2021-02-14 00:53:06.510340,● track-activity.py - team-eureka - Visual Studio Code,"code, Code",1267786,219.90.100.25,Mumbai,"19.0728,72.8826"
2021-02-14 00:54:06.935978,track-activity.py - team-eureka - Visual Studio Code,"code, Code",1323026,219.90.100.25,Mumbai,"19.0728,72.8826"
2021-02-14 00:55:06.361781,track-activity.py - team-eureka - Visual Studio Code,"code, Code",1387873,219.90.100.25,Mumbai,"19.0728,72.8826"
2021-02-14 00:56:06.798352,nishit@nishit: ~/Documents/dev/team-eureka/linux,"gnome-terminal-server, Gnome-terminal",not found.,219.90.100.25,Mumbai,"19.0728,72.8826"
2021-02-14 00:57:06.229002,app.py - team-eureka - Visual Studio Code,"code, Code",1507705,219.90.100.25,Mumbai,"19.0728,72.8826"
2021-02-14 00:58:06.672297,app.py - team-eureka - Visual Studio Code,"code, Code",1567816,219.90.100.25,Mumbai,"19.0728,72.8826"
2021-02-14 00:59:07.115057,track-activity.py - team-eureka - Visual Studio Code,"code, Code",1622085,219.90.100.25,Mumbai,"19.0728,72.8826"
2021-02-14 01:00:06.560928,app.py - team-eureka - Visual Studio Code,"code, Code",1682299,219.90.100.25,Mumbai,"19.0728,72.8826"
2021-02-14 01:01:06.988446,app.py - team-eureka - Visual Studio Code,"code, Code",1745750,219.90.100.25,Mumbai,"19.0728,72.8826"
2021-02-14 01:02:06.422024,app.py - team-eureka - Visual Studio Code,"code, Code",1806821,219.90.100.25,Mumbai,"19.0728,72.8826"
2021-02-14 01:03:06.877413,● track-activity.py - team-eureka - Visual Studio Code,"code, Code",1868425,219.90.100.25,Mumbai,"19.0728,72.8826"
2021-02-14 01:04:06.324838,track-activity.py - team-eureka - Visual Studio Code,"code, Code",1925933,219.90.100.25,Mumbai,"19.0728,72.8826"
2021-02-14 01:05:06.758240,track-activity.py - team-eureka - Visual Studio Code,"code, Code",1983420,219.90.100.25,Mumbai,"19.0728,72.8826"
2021-02-14 01:06:06.215922,● app.py - team-eureka - Visual Studio Code,"code, Code",2045313,219.90.100.25,Mumbai,"19.0728,72.8826"
2021-02-14 01:07:06.631113,● app.py - team-eureka - Visual Studio Code,"code, Code",2106404,219.90.100.25,Mumbai,"19.0728,72.8826"
2021-02-14 01:08:07.055655,app.py - team-eureka - Visual Studio Code,"code, Code",2168139,219.90.100.25,Mumbai,"19.0728,72.8826"
2021-02-14 01:09:06.543979,nishit@nishit: ~/Documents/dev/team-eureka/linux,"gnome-terminal-server, Gnome-terminal",not found.,219.90.100.25,Mumbai,"19.0728,72.8826"
2021-02-14 01:10:06.980777,● app.py - team-eureka - Visual Studio Code,"code, Code",2288321,219.90.100.25,Mumbai,"19.0728,72.8826"
2021-02-14 01:11:06.423002,app.py - team-eureka - Visual Studio Code,"code, Code",2342778,219.90.100.25,Mumbai,"19.0728,72.8826"
2021-02-14 01:12:06.149177,app.py - team-eureka - Visual Studio Code,"code, Code",2406787,219.90.100.25,Mumbai,"19.0728,72.8826"
2021-02-14 01:13:06.594218,app.py - team-eureka - Visual Studio Code,"code, Code",2467786,219.90.100.25,Mumbai,"19.0728,72.8826"
2021-02-14 01:14:07.033845,demo-02-14-2021.csv - team-eureka - Visual Studio Code,"code, Code",2525982,219.90.100.25,Mumbai,"19.0728,72.8826"
2021-02-14 01:15:06.640281,track-activity.py - team-eureka - Visual Studio Code,"code, Code",2588100,219.90.100.25,Mumbai,"19.0728,72.8826"
2021-02-14 01:16:07.061907,demo-02-14-2021.csv - team-eureka - Visual Studio Code,"code, Code",2645694,219.90.100.25,Mumbai,"19.0728,72.8826"
2021-02-14 01:17:06.844389,demo-02-14-2021.csv - team-eureka - Visual Studio Code,"code, Code",2704739,219.90.100.25,Mumbai,"19.0728,72.8826"
2021-02-14 01:19:06.287839,nishit@nishit: ~/Documents/dev/team-eureka/linux,"gnome-terminal-server, Gnome-terminal",not found.,219.90.100.25,Mumbai,"19.0728,72.8826"
2021-02-14 01:20:06.747626,demo-02-14-2021.csv - team-eureka - Visual Studio Code,"code, Code",2833298,219.90.100.25,Mumbai,"19.0728,72.8826"
2021-02-14 01:21:06.997472,demo-02-14-2021.csv - team-eureka - Visual Studio Code,"code, Code",2948438,219.90.100.25,Mumbai,"19.0728,72.8826"
2021-02-14 01:33:06.700523,demo-02-14-2021.csv - team-eureka - Visual Studio Code,"code, Code",3665003,219.90.100.25,Mumbai,"19.0728,72.8826"
2021-02-14 01:33:06.700520,demo-02-14-2021.csv - team-eureka - Visual Studio Code,"code, Code",3665003,219.90.100.25,Mumbai,"19.0728,72.8826"
2021-02-14 01:34:06.217338,demo-02-14-2021.csv - team-eureka - Visual Studio Code,"code, Code",3665003,219.90.100.25,Mumbai,"19.0728,72.8826"
2021-02-14 01:34:06.217382,demo-02-14-2021.csv - team-eureka - Visual Studio Code,"code, Code",3665003,219.90.100.25,Mumbai,"19.0728,72.8826"
2021-02-14 01:35:06.724413,script.py - team-eureka - Visual Studio Code,"code, Code",3787810,219.90.100.25,Mumbai,"19.0728,72.8826"
2021-02-14 01:35:06.720412,script.py - team-eureka - Visual Studio Code,"code, Code",3787810,219.90.100.25,Mumbai,"19.0728,72.8826"
2021-02-14 01:36:07.084546,script.py - team-eureka - Visual Studio Code,"code, Code",3827797,219.90.100.25,Mumbai,"19.0728,72.8826"
2021-02-14 01:36:07.092138,script.py - team-eureka - Visual Studio Code,"code, Code",3827797,219.90.100.25,Mumbai,"19.0728,72.8826"
2021-02-14 01:37:06.646858,#general - Discord,"discord, discord",3890094,219.90.100.25,Mumbai,"19.0728,72.8826"
2021-02-14 01:37:06.645773,#general - Discord,"discord, discord",3890094,219.90.100.25,Mumbai,"19.0728,72.8826"
2021-02-14 01:38:06.468829,demo-02-14-2021.csv - team-eureka - Visual Studio Code,"code, Code",3961314,219.90.100.25,Mumbai,"19.0728,72.8826"
2021-02-14 01:41:24.052906,nishit@nishit: ~/Documents/dev/team-eureka/linux,"gnome-terminal-server, Gnome-terminal",not found.,219.90.100.25,Mumbai,"19.0728,72.8826"
2021-02-14 01:41:52.918089,nishit@nishit: ~/Documents/dev/team-eureka/linux,"gnome-terminal-server, Gnome-terminal",not found.,219.90.100.25,Mumbai,"19.0728,72.8826"
2021-02-14 01:42:07.073591,nishit@nishit: ~/Documents/dev/team-eureka/linux,"gnome-terminal-server, Gnome-terminal",not found.,219.90.100.25,Mumbai,"19.0728,72.8826"
01:48:06,General - Discord,"discord, discord",4514349,219.90.100.25,Mumbai,"19.0728,72.8826"
01:49:06,General - Discord,"discord, discord",4514349,219.90.100.25,Mumbai,"19.0728,72.8826"
01:50:07,script.py - team-eureka - Visual Studio Code,"code, Code",4506772,219.90.100.25,Mumbai,"19.0728,72.8826"
01:51:06,General - Discord,"discord, discord",4685450,219.90.100.25,Mumbai,"19.0728,72.8826"
01:52:06,General - Discord,"discord, discord",4791396,219.90.100.25,Mumbai,"19.0728,72.8826"
01:53:07,General - Discord,"discord, discord",4791396,219.90.100.25,Mumbai,"19.0728,72.8826"
01:54:06,app.py - team-eureka - Visual Studio Code,"code, Code",4927546,219.90.100.25,Mumbai,"19.0728,72.8826"
01:55:06,script.py - team-eureka - Visual Studio Code,"code, Code",4980103,219.90.100.25,Mumbai,"19.0728,72.8826"
01:56:06,app.py - team-eureka - Visual Studio Code,"code, Code",5042053,219.90.100.25,Mumbai,"19.0728,72.8826"
01:57:06,Airmeet - Brave,"brave-browser, Brave-browser",4733222,219.90.100.25,Mumbai,"19.0728,72.8826"
01:58:06,DB Browser for SQLite - /home/nishit/Documents/dev/team-eureka/flask/db/database.db,"sqlitebrowser, DB Browser for SQLite",not found.,219.90.100.25,Mumbai,"19.0728,72.8826"
01:59:06,DB Browser for SQLite - /home/nishit/Documents/dev/team-eureka/flask/db/database.db,"sqlitebrowser, DB Browser for SQLite",not found.,219.90.100.25,Mumbai,"19.0728,72.8826"
02:00:06,script.py - team-eureka - Visual Studio Code,"code, Code",5281112,219.90.100.25,Mumbai,"19.0728,72.8826"
02:01:06,jinja2.exceptions.TemplateNotFound: index.html // Werkzeug Debugger - Brave,"brave-browser, Brave-browser",5345104,219.90.100.25,Mumbai,"19.0728,72.8826"
02:02:06,localhost:5000/admin/signup - Brave,"brave-browser, Brave-browser",5407078,219.90.100.25,Mumbai,"19.0728,72.8826"
02:03:06,list.html - team-eureka - Visual Studio Code,"code, Code",5465319,219.90.100.25,Mumbai,"19.0728,72.8826"
02:04:06,● app.py - team-eureka - Visual Studio Code,"code, Code",5527837,219.90.100.25,Mumbai,"19.0728,72.8826"
02:05:07,New Tab - Brave,"brave-browser, Brave-browser",5588583,219.90.100.25,Mumbai,"19.0728,72.8826"
02:06:06,Ali Solanki / Team-Eureka · GitLab - Brave,"brave-browser, Brave-browser",5647060,219.90.100.25,Mumbai,"19.0728,72.8826"
02:07:06,IndexError: list assignment index out of range // Werkzeug Debugger - Brave,"brave-browser, Brave-browser",5707643,219.90.100.25,Mumbai,"19.0728,72.8826"
02:08:07,app.py - team-eureka - Visual Studio Code,"code, Code",5767293,219.90.100.25,Mumbai,"19.0728,72.8826"
02:09:06,Document - Brave,"brave-browser, Brave-browser",5826565,219.90.100.25,Mumbai,"19.0728,72.8826"
02:10:06,localhost:5000/profile/nishitsir/2 - Brave,"brave-browser, Brave-browser",5886293,219.90.100.25,Mumbai,"19.0728,72.8826"
02:11:06,akshay-99/Activity-Outline: A simple project that automatically tracks your productivity on desktop - Brave,"brave-browser, Brave-browser",5934409,219.90.100.25,Mumbai,"19.0728,72.8826"
02:12:06,#general - Discord,"discord, discord",5946239,219.90.100.25,Mumbai,"19.0728,72.8826"
02:13:06,app.py - team-eureka - Visual Studio Code,"code, Code",6067559,219.90.100.25,Mumbai,"19.0728,72.8826"
02:14:06,app.py - team-eureka - Visual Studio Code,"code, Code",6081581,219.90.100.25,Mumbai,"19.0728,72.8826"
02:15:06,app.py - team-eureka - Visual Studio Code,"code, Code",6160884,219.90.100.25,Mumbai,"19.0728,72.8826"
02:16:06,profile.js - team-eureka - Visual Studio Code,"code, Code",6245723,219.90.100.25,Mumbai,"19.0728,72.8826"
02:17:06,Activity-Outline/d3pie.js at master · akshay-99/Activity-Outline - Brave,"brave-browser, Brave-browser",6306583,219.90.100.25,Mumbai,"19.0728,72.8826"
02:18:06,Save File,"brave, Brave",not found.,219.90.100.25,Mumbai,"19.0728,72.8826"
02:19:06,● dashboard.html - team-eureka - Visual Studio Code,"code, Code",6428435,219.90.100.25,Mumbai,"19.0728,72.8826"
02:20:06,app.py - team-eureka - Visual Studio Code,"code, Code",6471480,219.90.100.25,Mumbai,"19.0728,72.8826"
02:21:06,profile.js - team-eureka - Visual Studio Code,"code, Code",6530603,219.90.100.25,Mumbai,"19.0728,72.8826"
02:22:06,get the data in js from flask template - Google Search - Brave,"brave-browser, Brave-browser",6608019,219.90.100.25,Mumbai,"19.0728,72.8826"
02:23:06,● dashboard.html - team-eureka - Visual Studio Code,"code, Code",6668112,219.90.100.25,Mumbai,"19.0728,72.8826"
02:24:06,python - How can I pass data from Flask to JavaScript in a template? - Stack Overflow - Brave,"brave-browser, Brave-browser",6717581,219.90.100.25,Mumbai,"19.0728,72.8826"
02:25:06,python - How can I pass data from Flask to JavaScript in a template? - Stack Overflow - Brave,"brave-browser, Brave-browser",6782764,219.90.100.25,Mumbai,"19.0728,72.8826"
02:26:06,● profile.js - team-eureka - Visual Studio Code,"code, Code",6847244,219.90.100.25,Mumbai,"19.0728,72.8826"
02:27:06,Usage Report - Brave,"brave-browser, Brave-browser",6907005,219.90.100.25,Mumbai,"19.0728,72.8826"
02:28:06,● dashboard.html - team-eureka - Visual Studio Code,"code, Code",6960536,219.90.100.25,Mumbai,"19.0728,72.8826"
02:29:06,dashboard.html - team-eureka - Visual Studio Code,"code, Code",7028076,219.90.100.25,Mumbai,"19.0728,72.8826"
02:30:06,● dashboard.html - team-eureka - Visual Studio Code,"code, Code",7087870,219.90.100.25,Mumbai,"19.0728,72.8826"
02:31:07,dashboard.html - team-eureka - Visual Studio Code,"code, Code",7135360,219.90.100.25,Mumbai,"19.0728,72.8826"
02:32:06,● dashboard.html - team-eureka - Visual Studio Code,"code, Code",7208016,219.90.100.25,Mumbai,"19.0728,72.8826"
02:33:07,Usage Report - Brave,"brave-browser, Brave-browser",7262057,219.90.100.25,Mumbai,"19.0728,72.8826"
02:34:06,● dashboard.html - team-eureka - Visual Studio Code,"code, Code",7325328,219.90.100.25,Mumbai,"19.0728,72.8826"
02:35:06,dashboard.html - team-eureka - Visual Studio Code,"code, Code",7387191,219.90.100.25,Mumbai,"19.0728,72.8826"
02:36:06,python - How can I pass data from Flask to JavaScript in a template? - Stack Overflow - Brave,"brave-browser, Brave-browser",7446010,219.90.100.25,Mumbai,"19.0728,72.8826"
02:37:06,jinja2.exceptions.UndefinedError: 'tojson' is undefined // Werkzeug Debugger - Brave,"brave-browser, Brave-browser",7503638,219.90.100.25,Mumbai,"19.0728,72.8826"
02:38:07,● dashboard.html - team-eureka - Visual Studio Code,"code, Code",7568716,219.90.100.25,Mumbai,"19.0728,72.8826"
02:39:06,dashboard.html - team-eureka - Visual Studio Code,"code, Code",7595504,219.90.100.25,Mumbai,"19.0728,72.8826"
02:40:06,● dashboard.html - team-eureka - Visual Studio Code,"code, Code",7687992,219.90.100.25,Mumbai,"19.0728,72.8826"
02:41:06,dashboard.html - team-eureka - Visual Studio Code,"code, Code",7728045,219.90.100.25,Mumbai,"19.0728,72.8826"
02:42:06,dashboard.html - team-eureka - Visual Studio Code,"code, Code",7728045,219.90.100.25,Mumbai,"19.0728,72.8826"
02:43:06,dashboard.html - team-eureka - Visual Studio Code,"code, Code",7854728,219.90.100.25,Mumbai,"19.0728,72.8826"
02:44:06,Usage Report - Brave,"brave-browser, Brave-browser",7923915,219.90.100.25,Mumbai,"19.0728,72.8826"
02:45:06,Usage Report - Brave,"brave-browser, Brave-browser",7986874,219.90.100.25,Mumbai,"19.0728,72.8826"
02:46:06,java - How to iterate over a JSONObject? - Stack Overflow - Brave,"brave-browser, Brave-browser",8046300,219.90.100.25,Mumbai,"19.0728,72.8826"
02:47:06,iterate over json object - Google Search - Brave,"brave-browser, Brave-browser",8108299,219.90.100.25,Mumbai,"19.0728,72.8826"
02:48:06,iterating through json object javascript - Stack Overflow - Brave,"brave-browser, Brave-browser",8130966,219.90.100.25,Mumbai,"19.0728,72.8826"
02:49:06,● dashboard.html - team-eureka - Visual Studio Code,"code, Code",8202433,219.90.100.25,Mumbai,"19.0728,72.8826"
02:50:06,● dashboard.html - team-eureka - Visual Studio Code,"code, Code",8286640,219.90.100.25,Mumbai,"19.0728,72.8826"
02:51:06,● app.py - team-eureka - Visual Studio Code,"code, Code",8348407,219.90.100.25,Mumbai,"19.0728,72.8826"
02:52:06,dashboard.html - team-eureka - Visual Studio Code,"code, Code",8404158,219.90.100.25,Mumbai,"19.0728,72.8826"
02:53:06,app.py - team-eureka - Visual Studio Code,"code, Code",8468552,219.90.100.25,Mumbai,"19.0728,72.8826"
02:54:06,Usage Report - Brave,"brave-browser, Brave-browser",8525274,219.90.100.25,Mumbai,"19.0728,72.8826"
02:55:06,Usage Report - Brave,"brave-browser, Brave-browser",8587588,219.90.100.25,Mumbai,"19.0728,72.8826"
02:56:06,● dashboard.html - team-eureka - Visual Studio Code,"code, Code",8647684,219.90.100.25,Mumbai,"19.0728,72.8826"
02:57:06,dashboard.html - team-eureka - Visual Studio Code,"code, Code",8671829,219.90.100.25,Mumbai,"19.0728,72.8826"
02:58:06,● dashboard.html - team-eureka - Visual Studio Code,"code, Code",8765523,219.90.100.25,Mumbai,"19.0728,72.8826"
02:59:06,dashboard.html - team-eureka - Visual Studio Code,"code, Code",8827830,219.90.100.25,Mumbai,"19.0728,72.8826"
03:00:07,dashboard.html - team-eureka - Visual Studio Code,"code, Code",8862071,219.90.100.25,Mumbai,"19.0728,72.8826"
03:01:06,● dashboard.html - team-eureka - Visual Studio Code,"code, Code",8947536,219.90.100.25,Mumbai,"19.0728,72.8826"
03:02:07,● dashboard.html - team-eureka - Visual Studio Code,"code, Code",9007200,219.90.100.25,Mumbai,"19.0728,72.8826"
03:03:06,● dashboard.html - team-eureka - Visual Studio Code,"code, Code",9051620,219.90.100.25,Mumbai,"19.0728,72.8826"
03:04:06,Text Import - [watch-02-13-2021.csv],"soffice, Soffice",not found.,219.90.100.25,Mumbai,"19.0728,72.8826"
03:05:06,● dashboard.html - team-eureka - Visual Studio Code,"code, Code",9184198,219.90.100.25,Mumbai,"19.0728,72.8826"
03:06:06,Usage Report - Brave,"brave-browser, Brave-browser",9246867,219.90.100.25,Mumbai,"19.0728,72.8826"
03:07:06,Usage Report - Brave,"brave-browser, Brave-browser",9254813,219.90.100.25,Mumbai,"19.0728,72.8826"
03:08:06,dashboard.html - team-eureka - Visual Studio Code,"code, Code",9365271,219.90.100.25,Mumbai,"19.0728,72.8826"
03:09:06,string to json object in js - Google Search - Brave,"brave-browser, Brave-browser",9428334,219.90.100.25,Mumbai,"19.0728,72.8826"
03:10:06,dashboard.html - team-eureka - Visual Studio Code,"code, Code",9479940,219.90.100.25,Mumbai,"19.0728,72.8826"
03:11:06,Usage Report - Brave,"brave-browser, Brave-browser",9547016,219.90.100.25,Mumbai,"19.0728,72.8826"
03:12:06,Usage Report - Brave,"brave-browser, Brave-browser",9593111,219.90.100.25,Mumbai,"19.0728,72.8826"
03:13:06,dashboard.html - team-eureka - Visual Studio Code,"code, Code",9665655,219.90.100.25,Mumbai,"19.0728,72.8826"
03:14:06,dashboard.html - team-eureka - Visual Studio Code,"code, Code",9707774,219.90.100.25,Mumbai,"19.0728,72.8826"
03:15:06,Airmeet - Brave,"brave-browser, Brave-browser",9683372,219.90.100.25,Mumbai,"19.0728,72.8826"
03:16:06,dashboard.html - team-eureka - Visual Studio Code,"code, Code",9844251,219.90.100.25,Mumbai,"19.0728,72.8826"
03:17:06,script.py - team-eureka - Visual Studio Code,"code, Code",9904641,219.90.100.25,Mumbai,"19.0728,72.8826"
03:18:06,#general - Discord,"discord, discord",9960498,219.90.100.25,Mumbai,"19.0728,72.8826"
03:19:06,script.py - team-eureka - Visual Studio Code,"code, Code",10009584,219.90.100.25,Mumbai,"19.0728,72.8826"
03:21:06,● script.py - team-eureka - Visual Studio Code,"code, Code",10148061,219.90.100.25,Mumbai,"19.0728,72.8826"
03:32:26,nishit@nishit: ~/Documents/dev/team-eureka/linux,"gnome-terminal-server, Gnome-terminal",not found.,219.90.100.25,Mumbai,"19.0728,72.8826",20569
03:33:06,dashboard.html - team-eureka - Visual Studio Code,"code, Code",10860814,219.90.100.25,Mumbai,"19.0728,72.8826",3852
03:34:06,● dashboard.html - team-eureka - Visual Studio Code,"code, Code",10927529,219.90.100.25,Mumbai,"19.0728,72.8826",3852
03:35:06,Usage Report - Brave,"brave-browser, Brave-browser",10987444,219.90.100.25,Mumbai,"19.0728,72.8826",4478
03:36:07,script.py - team-eureka - Visual Studio Code,"code, Code",11035188,219.90.100.25,Mumbai,"19.0728,72.8826",3852
03:37:06,db,"org.gnome.Nautilus, Org.gnome.Nautilus",not found.,219.90.100.25,Mumbai,"19.0728,72.8826",20312
03:37:57,DB Browser for SQLite - /home/nishit/Documents/dev/team-eureka/flask/db/database.db,"sqlitebrowser, DB Browser for SQLite",not found.,219.90.100.25,Mumbai,"19.0728,72.8826",21078
03:38:06,DB Browser for SQLite - /home/nishit/Documents/dev/team-eureka/flask/db/database.db,"sqlitebrowser, DB Browser for SQLite",not found.,219.90.100.25,Mumbai,"19.0728,72.8826",21078
03:39:06,nishit@nishit: ~/Documents/dev/team-eureka/linux,"gnome-terminal-server, Gnome-terminal",not found.,219.90.100.25,Mumbai,"19.0728,72.8826",20569
03:40:06,#general - Discord,"discord, discord",11249233,219.90.100.25,Mumbai,"19.0728,72.8826",5331
03:41:06,#spit-hack-gitlab - Discord,"discord, discord",11330102,219.90.100.25,Mumbai,"19.0728,72.8826",5331
03:42:06,Airmeet - Brave,"brave-browser, Brave-browser",11377591,219.90.100.25,Mumbai,"19.0728,72.8826",4478
03:43:06,#spit-hack-gitlab - Discord,"discord, discord",11369767,219.90.100.25,Mumbai,"19.0728,72.8826",5331
03:46:06,dashboard.html - team-eureka - Visual Studio Code,"code, Code",11647324,219.90.100.25,Mumbai,"19.0728,72.8826",3852
03:46:56,nishit@nishit: ~/Documents/dev/team-eureka/linux,"gnome-terminal-server, Gnome-terminal",not found.,219.90.100.25,Mumbai,"19.0728,72.8826",20569
03:47:06,app.py - team-eureka - Visual Studio Code,"code, Code",11707111,219.90.100.25,Mumbai,"19.0728,72.8826",3852
03:48:06,app.py - team-eureka - Visual Studio Code,"code, Code",11749867,219.90.100.25,Mumbai,"19.0728,72.8826",3852
03:49:00,nishit@nishit: ~/Documents/dev/team-eureka/linux,"gnome-terminal-server, Gnome-terminal",not found.,219.90.100.25,Mumbai,"19.0728,72.8826",20569
03:49:06,nishit@nishit: ~/Documents/dev/team-eureka/linux,"gnome-terminal-server, Gnome-terminal",not found.,219.90.100.25,Mumbai,"19.0728,72.8826",20569
03:50:06,app.py - team-eureka - Visual Studio Code,"code, Code",11888093,219.90.100.25,Mumbai,"19.0728,72.8826",3852
03:50:36,nishit@nishit: ~/Documents/dev/team-eureka/linux,"gnome-terminal-server, Gnome-terminal",not found.,219.90.100.25,Mumbai,"19.0728,72.8826",20569
03:51:06,app.py - team-eureka - Visual Studio Code,"code, Code",11947552,219.90.100.25,Mumbai,"19.0728,72.8826",3852
03:51:18,nishit@nishit: ~/Documents/dev/team-eureka/linux,"gnome-terminal-server, Gnome-terminal",not found.,219.90.100.25,Mumbai,"19.0728,72.8826",20569
03:52:06,● app.py - team-eureka - Visual Studio Code,"code, Code",12007135,219.90.100.25,Mumbai,"19.0728,72.8826",3852
03:53:03,nishit@nishit: ~/Documents/dev/team-eureka/linux,"gnome-terminal-server, Gnome-terminal",not found.,219.90.100.25,Mumbai,"19.0728,72.8826",20569
03:53:06,nishit@nishit: ~/Documents/dev/team-eureka/linux,"gnome-terminal-server, Gnome-terminal",not found.,219.90.100.25,Mumbai,"19.0728,72.8826",20569
03:54:01,nishit@nishit: ~/Documents/dev/team-eureka/linux,"gnome-terminal-server, Gnome-terminal",not found.,219.90.100.25,Mumbai,"19.0728,72.8826",20569
03:54:06,nishit@nishit: ~/Documents/dev/team-eureka/linux,"gnome-terminal-server, Gnome-terminal",not found.,219.90.100.25,Mumbai,"19.0728,72.8826",20569
03:55:04,nishit@nishit: ~/Documents/dev/team-eureka/linux,"gnome-terminal-server, Gnome-terminal",not found.,219.90.100.25,Mumbai,"19.0728,72.8826",20569
03:55:06,nishit@nishit: ~/Documents/dev/team-eureka/linux,"gnome-terminal-server, Gnome-terminal",not found.,219.90.100.25,Mumbai,"19.0728,72.8826",20569
03:56:06,app.py - team-eureka - Visual Studio Code,"code, Code",12217038,219.90.100.25,Mumbai,"19.0728,72.8826",3852
03:57:06,app.py - team-eureka - Visual Studio Code,"code, Code",12308202,219.90.100.25,Mumbai,"19.0728,72.8826",3852
03:57:28,nishit@nishit: ~/Documents/dev/team-eureka/linux,"gnome-terminal-server, Gnome-terminal",not found.,219.90.100.25,Mumbai,"19.0728,72.8826",20569
03:58:06,app.py - team-eureka - Visual Studio Code,"code, Code",12367953,219.90.100.25,Mumbai,"19.0728,72.8826",3852
03:59:06,app.py - team-eureka - Visual Studio Code,"code, Code",12421399,219.90.100.25,Mumbai,"19.0728,72.8826",3852
04:00:06,script.py - team-eureka - Visual Studio Code,"code, Code",12481383,219.90.100.25,Mumbai,"19.0728,72.8826",3852
04:01:06,app.py - team-eureka - Visual Studio Code,"code, Code",12547963,219.90.100.25,Mumbai,"19.0728,72.8826",3852
04:01:34,nishit@nishit: ~/Documents/dev/team-eureka/linux,"gnome-terminal-server, Gnome-terminal",not found.,219.90.100.25,Mumbai,"19.0728,72.8826",20569
04:02:06,nishit@nishit: ~/Documents/dev/team-eureka/linux,"gnome-terminal-server, Gnome-terminal",not found.,219.90.100.25,Mumbai,"19.0728,72.8826",20569
04:03:00,nishit@nishit: ~/Documents/dev/team-eureka/linux,"gnome-terminal-server, Gnome-terminal",not found.,219.90.100.25,Mumbai,"19.0728,72.8826",20569
04:03:06,app.py - team-eureka - Visual Studio Code,"code, Code",12668434,219.90.100.25,Mumbai,"19.0728,72.8826",3852
04:03:58,nishit@nishit: ~/Documents/dev/team-eureka/linux,"gnome-terminal-server, Gnome-terminal",not found.,219.90.100.25,Mumbai,"19.0728,72.8826",20569
04:04:06,● app.py - team-eureka - Visual Studio Code,"code, Code",12726238,219.90.100.25,Mumbai,"19.0728,72.8826",3852
04:04:19,nishit@nishit: ~/Documents/dev/team-eureka/linux,"gnome-terminal-server, Gnome-terminal",not found.,219.90.100.25,Mumbai,"19.0728,72.8826",20569
04:04:47,app.py - team-eureka - Visual Studio Code,"code, Code",12767492,219.90.100.25,Mumbai,"19.0728,72.8826",3852
04:05:06,Usage Report - Brave,"brave-browser, Brave-browser",12787768,219.90.100.25,Mumbai,"19.0728,72.8826",4478
04:06:06,app.py - team-eureka - Visual Studio Code,"code, Code",12847391,219.90.100.25,Mumbai,"19.0728,72.8826",3852
04:06:19,nishit@nishit: ~/Documents/dev/team-eureka/linux,"gnome-terminal-server, Gnome-terminal",not found.,219.90.100.25,Mumbai,"19.0728,72.8826",20569
04:07:06,app.py - team-eureka - Visual Studio Code,"code, Code",12905504,219.90.100.25,Mumbai,"19.0728,72.8826",3852
04:08:06,Usage Report - Brave,"brave-browser, Brave-browser",12966626,219.90.100.25,Mumbai,"19.0728,72.8826",4478
04:09:06,● dashboard.html - team-eureka - Visual Studio Code,"code, Code",13028202,219.90.100.25,Mumbai,"19.0728,72.8826",3852
04:10:07,Activity-Outline/index.html at master · akshay-99/Activity-Outline - Brave,"brave-browser, Brave-browser",13087514,219.90.100.25,Mumbai,"19.0728,72.8826",4478
04:11:06,dashboard.html - team-eureka - Visual Studio Code,"code, Code",13139790,219.90.100.25,Mumbai,"19.0728,72.8826",3852
04:12:06,#general - Discord,"discord, discord",12412123,219.90.100.25,Mumbai,"19.0728,72.8826",5331
04:13:06,Usage Report - Brave,"brave-browser, Brave-browser",13259191,219.90.100.25,Mumbai,"19.0728,72.8826",4478
04:14:06,dashboard.html - team-eureka - Visual Studio Code,"code, Code",13327548,219.90.100.25,Mumbai,"19.0728,72.8826",3852
04:15:06,dashboard.html - team-eureka - Visual Studio Code,"code, Code",13385330,219.90.100.25,Mumbai,"19.0728,72.8826",3852
04:16:06,Usage Report - Brave,"brave-browser, Brave-browser",13448342,219.90.100.25,Mumbai,"19.0728,72.8826",4478
04:17:06,dashboard.html - team-eureka - Visual Studio Code,"code, Code",13500530,219.90.100.25,Mumbai,"19.0728,72.8826",3852
04:18:06,● dashboard.html - team-eureka - Visual Studio Code,"code, Code",13564034,219.90.100.25,Mumbai,"19.0728,72.8826",3852
04:19:06,● dashboard.html - team-eureka - Visual Studio Code,"code, Code",13627894,219.90.100.25,Mumbai,"19.0728,72.8826",3852
04:20:06,login.html - team-eureka - Visual Studio Code,"code, Code",13687431,219.90.100.25,Mumbai,"19.0728,72.8826",3852
04:21:06,● dashboard.html - team-eureka - Visual Studio Code,"code, Code",13747424,219.90.100.25,Mumbai,"19.0728,72.8826",3852
04:22:06,dashboard.html - team-eureka - Visual Studio Code,"code, Code",13808262,219.90.100.25,Mumbai,"19.0728,72.8826",3852
04:23:06,● dashboard.html - team-eureka - Visual Studio Code,"code, Code",13864364,219.90.100.25,Mumbai,"19.0728,72.8826",3852
04:24:06,● dashboard.html - team-eureka - Visual Studio Code,"code, Code",13928005,219.90.100.25,Mumbai,"19.0728,72.8826",3852
04:25:06,Usage Report - Brave,"brave-browser, Brave-browser",13961359,219.90.100.25,Mumbai,"19.0728,72.8826",4478
04:26:06,demo-02-14-2021.csv - team-eureka - Visual Studio Code,"code, Code",14040749,219.90.100.25,Mumbai,"19.0728,72.8826",3852
04:27:06,demo-02-14-2021.csv - team-eureka - Visual Studio Code,"code, Code",14107373,219.90.100.25,Mumbai,"19.0728,72.8826",3852
04:28:06,New Tab - Brave,"brave-browser, Brave-browser",14168289,219.90.100.25,Mumbai,"19.0728,72.8826",4478
04:29:06,Adding a Google Map with a Marker to Your Website - Brave,"brave-browser, Brave-browser",14214729,219.90.100.25,Mumbai,"19.0728,72.8826",4478
04:30:06,Usage Report - Brave,"brave-browser, Brave-browser",14252520,219.90.100.25,Mumbai,"19.0728,72.8826",4478
04:31:07,#general - Discord,"discord, discord",14327203,219.90.100.25,Mumbai,"19.0728,72.8826",5331
04:32:06,#general - Discord,"discord, discord",14403628,219.90.100.25,Mumbai,"19.0728,72.8826",5331
04:33:07,demo-02-14-2021.csv - team-eureka - Visual Studio Code,"code, Code",14466741,219.90.100.25,Mumbai,"19.0728,72.8826",3852
04:34:06,Airmeet - Brave,"brave-browser, Brave-browser",14498475,219.90.100.25,Mumbai,"19.0728,72.8826",4478
04:35:07,demo-02-14-2021.csv - team-eureka - Visual Studio Code,"code, Code",14475652,219.90.100.25,Mumbai,"19.0728,72.8826",3852
04:36:06,django dyanmic href - Google Search - Brave,"brave-browser, Brave-browser",14646542,219.90.100.25,Mumbai,"19.0728,72.8826",4478
04:37:07,● list.html - team-eureka - Visual Studio Code,"code, Code",14708306,219.90.100.25,Mumbai,"19.0728,72.8826",3852
04:38:06,https://www.google.com/search?sxsrf,"brave-browser, Brave-browser",14767508,219.90.100.25,Mumbai,"19.0728,72.8826",4478
04:39:06,app.py - team-eureka - Visual Studio Code,"code, Code",14814282,219.90.100.25,Mumbai,"19.0728,72.8826",3852
04:40:06,"python - In Flask, how can I redirect to a profile being clicked? - Stack Overflow - Brave","brave-browser, Brave-browser",14887523,219.90.100.25,Mumbai,"19.0728,72.8826",4478
04:41:06,● list.html - team-eureka - Visual Studio Code,"code, Code",14947759,219.90.100.25,Mumbai,"19.0728,72.8826",3852
04:42:06,Sign In - Brave,"brave-browser, Brave-browser",15007789,219.90.100.25,Mumbai,"19.0728,72.8826",4478
04:43:06,list.html - team-eureka - Visual Studio Code,"code, Code",14995804,219.90.100.25,Mumbai,"19.0728,72.8826",3852
04:44:06,Document - Brave,"brave-browser, Brave-browser",15127712,219.90.100.25,Mumbai,"19.0728,72.8826",4478
04:45:06,● list.html - team-eureka - Visual Studio Code,"code, Code",15187524,219.90.100.25,Mumbai,"19.0728,72.8826",3852
04:46:06,Document - Brave,"brave-browser, Brave-browser",15246736,219.90.100.25,Mumbai,"19.0728,72.8826",4478
04:47:06,404 Not Found - Brave,"brave-browser, Brave-browser",15307816,219.90.100.25,Mumbai,"19.0728,72.8826",4478
04:48:06,● list.html - team-eureka - Visual Studio Code,"code, Code",15368191,219.90.100.25,Mumbai,"19.0728,72.8826",3852
04:49:06,list.html - team-eureka - Visual Studio Code,"code, Code",15422516,219.90.100.25,Mumbai,"19.0728,72.8826",3852
04:50:06,404 Not Found - Brave,"brave-browser, Brave-browser",15485869,219.90.100.25,Mumbai,"19.0728,72.8826",4478
04:51:06,● list.html - team-eureka - Visual Studio Code,"code, Code",15547783,219.90.100.25,Mumbai,"19.0728,72.8826",3852
04:52:06,Document - Brave,"brave-browser, Brave-browser",15607424,219.90.100.25,Mumbai,"19.0728,72.8826",4478
04:53:06,"python - In Flask, how can I redirect to a profile being clicked? - Stack Overflow - Brave","brave-browser, Brave-browser",15666800,219.90.100.25,Mumbai,"19.0728,72.8826",4478
04:54:06,● list.html - team-eureka - Visual Studio Code,"code, Code",15723483,219.90.100.25,Mumbai,"19.0728,72.8826",3852
04:55:06,python - How do I create a link to another html page? - Stack Overflow - Brave,"brave-browser, Brave-browser",15782346,219.90.100.25,Mumbai,"19.0728,72.8826",4478
04:56:06,app.py - team-eureka - Visual Studio Code,"code, Code",15847234,219.90.100.25,Mumbai,"19.0728,72.8826",3852
04:57:07,list.html - team-eureka - Visual Studio Code,"code, Code",15907115,219.90.100.25,Mumbai,"19.0728,72.8826",3852
04:58:06,list.html - team-eureka - Visual Studio Code,"code, Code",15962390,219.90.100.25,Mumbai,"19.0728,72.8826",3852
04:59:06,localhost:5000/admin/signup - Brave,"brave-browser, Brave-browser",16025841,219.90.100.25,Mumbai,"19.0728,72.8826",4478
05:00:06,New Tab - Brave,"brave-browser, Brave-browser",16088091,219.90.100.25,Mumbai,"19.0728,72.8826",4478
05:01:06,Document - Brave,"brave-browser, Brave-browser",16146726,219.90.100.25,Mumbai,"19.0728,72.8826",4478
05:02:06,ValueError: urls must start with a leading slash // Werkzeug Debugger - Brave,"brave-browser, Brave-browser",16207074,219.90.100.25,Mumbai,"19.0728,72.8826",4478
05:03:06,Document - Brave,"brave-browser, Brave-browser",16266513,219.90.100.25,Mumbai,"19.0728,72.8826",4478
05:04:06,list.html - team-eureka - Visual Studio Code,"code, Code",16301383,219.90.100.25,Mumbai,"19.0728,72.8826",3852
